species;order;sex;hemoplasma;anaplasmataceae;apicomplexa;trypanosoma;filaria;strata;activity;diet;sociality
Caluromys_philander;Didelphimorphia;NA;0;0;0;NA;NA;Canopy;Nocturnal;Omnivore;Solitary
Caluromys_philander;Didelphimorphia;NA;0;0;0;NA;NA;Canopy;Nocturnal;Omnivore;Solitary
Caluromys_philander;Didelphimorphia;NA;0;0;0;NA;NA;Canopy;Nocturnal;Omnivore;Solitary
Caluromys_philander;Didelphimorphia;NA;0;0;0;NA;NA;Canopy;Nocturnal;Omnivore;Solitary
Caluromys_philander;Didelphimorphia;NA;0;0;0;NA;NA;Canopy;Nocturnal;Omnivore;Solitary
Didelphis_marsupialis;Didelphimorphia;NA;1;0;0;NA;NA;Ground;Nocturnal;Omnivore;Solitary
Didelphis_marsupialis;Didelphimorphia;NA;0;0;0;NA;NA;Ground;Nocturnal;Omnivore;Solitary
Didelphis_marsupialis;Didelphimorphia;F;1;0;0;NA;NA;Ground;Nocturnal;Omnivore;Solitary
Didelphis_marsupialis;Didelphimorphia;F;0;0;0;NA;NA;Ground;Nocturnal;Omnivore;Solitary
Didelphis_marsupialis;Didelphimorphia;M;0;0;0;NA;NA;Ground;Nocturnal;Omnivore;Solitary
Didelphis_marsupialis;Didelphimorphia;F;1;0;0;NA;NA;Ground;Nocturnal;Omnivore;Solitary
Didelphis_marsupialis;Didelphimorphia;M;1;0;0;NA;NA;Ground;Nocturnal;Omnivore;Solitary
Didelphis_marsupialis;Didelphimorphia;M;0;0;0;NA;NA;Ground;Nocturnal;Omnivore;Solitary
Didelphis_marsupialis;Didelphimorphia;M;1;0;0;NA;NA;Ground;Nocturnal;Omnivore;Solitary
Didelphis_marsupialis;Didelphimorphia;F;1;0;0;NA;NA;Ground;Nocturnal;Omnivore;Solitary
Didelphis_marsupialis;Didelphimorphia;F;0;0;0;NA;NA;Ground;Nocturnal;Omnivore;Solitary
Didelphis_marsupialis;Didelphimorphia;F;1;0;0;NA;NA;Ground;Nocturnal;Omnivore;Solitary
Didelphis_marsupialis;Didelphimorphia;F;1;0;0;NA;NA;Ground;Nocturnal;Omnivore;Solitary
Didelphis_marsupialis;Didelphimorphia;NA;0;0;0;NA;NA;Ground;Nocturnal;Omnivore;Solitary
Didelphis_marsupialis;Didelphimorphia;F;0;0;0;NA;NA;Ground;Nocturnal;Omnivore;Solitary
Didelphis_marsupialis;Didelphimorphia;M;1;0;0;NA;NA;Ground;Nocturnal;Omnivore;Solitary
Didelphis_marsupialis;Didelphimorphia;M;0;0;0;NA;NA;Ground;Nocturnal;Omnivore;Solitary
Didelphis_marsupialis;Didelphimorphia;F;0;0;0;NA;NA;Ground;Nocturnal;Omnivore;Solitary
Didelphis_marsupialis;Didelphimorphia;M;1;0;1;NA;NA;Ground;Nocturnal;Omnivore;Solitary
Didelphis_marsupialis;Didelphimorphia;F;1;0;1;NA;NA;Ground;Nocturnal;Omnivore;Solitary
Didelphis_marsupialis;Didelphimorphia;M;1;0;1;NA;NA;Ground;Nocturnal;Omnivore;Solitary
Didelphis_marsupialis;Didelphimorphia;M;1;0;0;NA;NA;Ground;Nocturnal;Omnivore;Solitary
Didelphis_marsupialis;Didelphimorphia;M;0;0;1;NA;NA;Ground;Nocturnal;Omnivore;Solitary
Didelphis_marsupialis;Didelphimorphia;F;0;0;0;NA;NA;Ground;Nocturnal;Omnivore;Solitary
Didelphis_marsupialis;Didelphimorphia;M;1;0;0;NA;NA;Ground;Nocturnal;Omnivore;Solitary
Didelphis_marsupialis;Didelphimorphia;F;1;0;0;NA;NA;Ground;Nocturnal;Omnivore;Solitary
Didelphis_marsupialis;Didelphimorphia;F;0;0;0;NA;NA;Ground;Nocturnal;Omnivore;Solitary
Didelphis_marsupialis;Didelphimorphia;M;1;0;0;NA;NA;Ground;Nocturnal;Omnivore;Solitary
Didelphis_marsupialis;Didelphimorphia;M;1;1;0;NA;NA;Ground;Nocturnal;Omnivore;Solitary
Didelphis_marsupialis;Didelphimorphia;M;1;0;1;NA;NA;Ground;Nocturnal;Omnivore;Solitary
Didelphis_marsupialis;Didelphimorphia;M;1;0;0;NA;NA;Ground;Nocturnal;Omnivore;Solitary
Didelphis_marsupialis;Didelphimorphia;M;1;0;1;NA;NA;Ground;Nocturnal;Omnivore;Solitary
Didelphis_marsupialis;Didelphimorphia;F;1;0;1;NA;NA;Ground;Nocturnal;Omnivore;Solitary
Didelphis_marsupialis;Didelphimorphia;M;1;0;0;NA;NA;Ground;Nocturnal;Omnivore;Solitary
Didelphis_marsupialis;Didelphimorphia;F;1;0;0;NA;NA;Ground;Nocturnal;Omnivore;Solitary
Didelphis_marsupialis;Didelphimorphia;M;1;0;0;NA;NA;Ground;Nocturnal;Omnivore;Solitary
Didelphis_marsupialis;Didelphimorphia;NA;0;0;0;NA;NA;Ground;Nocturnal;Omnivore;Solitary
Didelphis_marsupialis;Didelphimorphia;NA;0;0;0;NA;NA;Ground;Nocturnal;Omnivore;Solitary
Didelphis_marsupialis;Didelphimorphia;NA;0;0;0;NA;NA;Ground;Nocturnal;Omnivore;Solitary
Didelphis_marsupialis;Didelphimorphia;NA;0;0;0;NA;NA;Ground;Nocturnal;Omnivore;Solitary
Didelphis_marsupialis;Didelphimorphia;NA;0;0;0;NA;NA;Ground;Nocturnal;Omnivore;Solitary
Didelphis_marsupialis;Didelphimorphia;NA;0;0;0;NA;NA;Ground;Nocturnal;Omnivore;Solitary
Didelphis_marsupialis;Didelphimorphia;NA;0;0;0;NA;NA;Ground;Nocturnal;Omnivore;Solitary
Didelphis_marsupialis;Didelphimorphia;NA;0;0;0;NA;NA;Ground;Nocturnal;Omnivore;Solitary
Didelphis_marsupialis;Didelphimorphia;NA;0;0;0;NA;NA;Ground;Nocturnal;Omnivore;Solitary
Didelphis_marsupialis;Didelphimorphia;NA;0;0;0;NA;NA;Ground;Nocturnal;Omnivore;Solitary
Didelphis_marsupialis;Didelphimorphia;F;0;0;0;NA;NA;Ground;Nocturnal;Omnivore;Solitary
Didelphis_marsupialis;Didelphimorphia;F;0;0;0;NA;NA;Ground;Nocturnal;Omnivore;Solitary
Didelphis_marsupialis;Didelphimorphia;M;0;0;0;NA;NA;Ground;Nocturnal;Omnivore;Solitary
Didelphis_marsupialis;Didelphimorphia;F;0;0;0;NA;NA;Ground;Nocturnal;Omnivore;Solitary
Didelphis_marsupialis;Didelphimorphia;F;0;0;0;NA;NA;Ground;Nocturnal;Omnivore;Solitary
Marmosa_lepida;Didelphimorphia;F;1;0;0;NA;NA;Canopy;Nocturnal;Omnivore;Solitary
Marmosa_murina;Didelphimorphia;F;0;0;0;NA;NA;Canopy;Nocturnal;Omnivore;Solitary
Marmosa_murina;Didelphimorphia;M;0;0;0;NA;NA;Canopy;Nocturnal;Omnivore;Solitary
Marmosa_murina;Didelphimorphia;F;0;0;0;NA;NA;Canopy;Nocturnal;Omnivore;Solitary
Marmosa_murina;Didelphimorphia;M;0;0;0;NA;NA;Canopy;Nocturnal;Omnivore;Solitary
Marmosa_murina;Didelphimorphia;F;0;0;0;NA;NA;Canopy;Nocturnal;Omnivore;Solitary
Marmosa_murina;Didelphimorphia;F;0;0;0;NA;NA;Canopy;Nocturnal;Omnivore;Solitary
Marmosa_murina;Didelphimorphia;NA;0;0;0;NA;NA;Canopy;Nocturnal;Omnivore;Solitary
Marmosa_murina;Didelphimorphia;M;1;0;0;NA;NA;Canopy;Nocturnal;Omnivore;Solitary
Marmosa_murina;Didelphimorphia;NA;1;0;0;NA;NA;Canopy;Nocturnal;Omnivore;Solitary
Marmosa_murina;Didelphimorphia;NA;0;0;0;NA;NA;Canopy;Nocturnal;Omnivore;Solitary
Marmosa_murina;Didelphimorphia;NA;0;0;0;NA;NA;Canopy;Nocturnal;Omnivore;Solitary
Marmosa_murina;Didelphimorphia;NA;0;0;0;NA;NA;Canopy;Nocturnal;Omnivore;Solitary
Marmosa_murina;Didelphimorphia;NA;0;0;0;NA;NA;Canopy;Nocturnal;Omnivore;Solitary
Marmosa_murina;Didelphimorphia;NA;0;0;0;NA;NA;Canopy;Nocturnal;Omnivore;Solitary
Marmosa_murina;Didelphimorphia;NA;0;0;0;NA;NA;Canopy;Nocturnal;Omnivore;Solitary
Marmosa_murina;Didelphimorphia;NA;0;0;0;NA;NA;Canopy;Nocturnal;Omnivore;Solitary
Marmosa_murina;Didelphimorphia;NA;0;0;0;NA;NA;Canopy;Nocturnal;Omnivore;Solitary
Marmosa_murina;Didelphimorphia;M;1;0;0;NA;NA;Canopy;Nocturnal;Omnivore;Solitary
Marmosa_murina;Didelphimorphia;F;0;0;0;NA;NA;Canopy;Nocturnal;Omnivore;Solitary
Marmosa_murina;Didelphimorphia;F;0;0;0;NA;NA;Canopy;Nocturnal;Omnivore;Solitary
Marmosops_parvidens;Didelphimorphia;NA;0;0;0;NA;NA;Canopy;Nocturnal;Omnivore;Solitary
Marmosops_parvidens;Didelphimorphia;NA;0;0;0;NA;NA;Canopy;Nocturnal;Omnivore;Solitary
Marmosops_parvidens;Didelphimorphia;NA;0;0;0;NA;NA;Canopy;Nocturnal;Omnivore;Solitary
Marmosops_parvidens;Didelphimorphia;NA;0;0;0;NA;NA;Canopy;Nocturnal;Omnivore;Solitary
Marmosops_parvidens;Didelphimorphia;NA;0;0;0;NA;NA;Canopy;Nocturnal;Omnivore;Solitary
Metachirus_nudicaudatus;Didelphimorphia;NA;0;0;0;NA;NA;Ground;Nocturnal;Omnivore;Solitary
Metachirus_nudicaudatus;Didelphimorphia;NA;0;0;0;NA;NA;Ground;Nocturnal;Omnivore;Solitary
Metachirus_nudicaudatus;Didelphimorphia;NA;0;0;0;NA;NA;Ground;Nocturnal;Omnivore;Solitary
Metachirus_nudicaudatus;Didelphimorphia;NA;0;0;0;NA;NA;Ground;Nocturnal;Omnivore;Solitary
Metachirus_nudicaudatus;Didelphimorphia;NA;0;0;0;NA;NA;Ground;Nocturnal;Omnivore;Solitary
Micoureus_demerarae;Didelphimorphia;NA;0;0;0;NA;NA;Canopy;Nocturnal;Omnivore;Solitary
Micoureus_demerarae;Didelphimorphia;NA;1;0;0;NA;NA;Canopy;Nocturnal;Omnivore;Solitary
Micoureus_demerarae;Didelphimorphia;NA;0;0;0;NA;NA;Canopy;Nocturnal;Omnivore;Solitary
Micoureus_demerarae;Didelphimorphia;NA;0;0;0;NA;NA;Canopy;Nocturnal;Omnivore;Solitary
Micoureus_demerarae;Didelphimorphia;NA;0;0;0;NA;NA;Canopy;Nocturnal;Omnivore;Solitary
Micoureus_demerarae;Didelphimorphia;NA;1;0;0;NA;NA;Canopy;Nocturnal;Omnivore;Solitary
Micoureus_demerarae;Didelphimorphia;NA;0;0;0;NA;NA;Canopy;Nocturnal;Omnivore;Solitary
Micoureus_demerarae;Didelphimorphia;NA;0;0;0;NA;NA;Canopy;Nocturnal;Omnivore;Solitary
Micoureus_demerarae;Didelphimorphia;NA;0;0;0;NA;NA;Canopy;Nocturnal;Omnivore;Solitary
Micoureus_demerarae;Didelphimorphia;NA;0;0;0;NA;NA;Canopy;Nocturnal;Omnivore;Solitary
Micoureus_demerarae;Didelphimorphia;NA;0;0;0;NA;NA;Canopy;Nocturnal;Omnivore;Solitary
Micoureus_demerarae;Didelphimorphia;NA;0;0;0;NA;NA;Canopy;Nocturnal;Omnivore;Solitary
Micoureus_demerarae;Didelphimorphia;NA;0;0;0;NA;NA;Canopy;Nocturnal;Omnivore;Solitary
Micoureus_demerarae;Didelphimorphia;NA;0;0;0;NA;NA;Canopy;Nocturnal;Omnivore;Solitary
Micoureus_demerarae;Didelphimorphia;NA;0;0;0;NA;NA;Canopy;Nocturnal;Omnivore;Solitary
Micoureus_demerarae;Didelphimorphia;NA;0;0;0;NA;NA;Canopy;Nocturnal;Omnivore;Solitary
Philander_opossum;Didelphimorphia;M;1;0;0;NA;NA;Ground;Nocturnal;Omnivore;Solitary
Philander_opossum;Didelphimorphia;M;0;0;1;NA;NA;Ground;Nocturnal;Omnivore;Solitary
Philander_opossum;Didelphimorphia;F;0;0;0;NA;NA;Ground;Nocturnal;Omnivore;Solitary
Philander_opossum;Didelphimorphia;M;0;0;0;NA;NA;Ground;Nocturnal;Omnivore;Solitary
Philander_opossum;Didelphimorphia;M;1;0;0;NA;NA;Ground;Nocturnal;Omnivore;Solitary
Philander_opossum;Didelphimorphia;M;1;0;0;NA;NA;Ground;Nocturnal;Omnivore;Solitary
Philander_opossum;Didelphimorphia;NA;0;0;0;NA;NA;Ground;Nocturnal;Omnivore;Solitary
Philander_opossum;Didelphimorphia;M;0;0;0;NA;NA;Ground;Nocturnal;Omnivore;Solitary
Philander_opossum;Didelphimorphia;NA;1;0;0;NA;NA;Ground;Nocturnal;Omnivore;Solitary
Philander_opossum;Didelphimorphia;NA;1;0;0;NA;NA;Ground;Nocturnal;Omnivore;Solitary
Philander_opossum;Didelphimorphia;NA;0;0;0;NA;NA;Ground;Nocturnal;Omnivore;Solitary
Philander_opossum;Didelphimorphia;NA;0;0;0;NA;NA;Ground;Nocturnal;Omnivore;Solitary
Philander_opossum;Didelphimorphia;NA;0;0;0;NA;NA;Ground;Nocturnal;Omnivore;Solitary
Philander_opossum;Didelphimorphia;NA;1;0;0;NA;NA;Ground;Nocturnal;Omnivore;Solitary
Philander_opossum;Didelphimorphia;NA;1;0;0;NA;NA;Ground;Nocturnal;Omnivore;Solitary
Philander_opossum;Didelphimorphia;NA;1;0;0;NA;NA;Ground;Nocturnal;Omnivore;Solitary
Philander_opossum;Didelphimorphia;NA;0;0;0;NA;NA;Ground;Nocturnal;Omnivore;Solitary
Philander_opossum;Didelphimorphia;NA;0;0;0;NA;NA;Ground;Nocturnal;Omnivore;Solitary
Philander_opossum;Didelphimorphia;NA;0;0;0;NA;NA;Ground;Nocturnal;Omnivore;Solitary
Philander_opossum;Didelphimorphia;M;1;0;0;NA;NA;Ground;Nocturnal;Omnivore;Solitary
Bradypus_tridactylus;Pilosa;NA;0;1;0;NA;NA;Canopy;Nocturnal;Phytophage;Solitary
Bradypus_tridactylus;Pilosa;NA;0;0;0;NA;NA;Canopy;Nocturnal;Phytophage;Solitary
Bradypus_tridactylus;Pilosa;NA;0;1;0;NA;NA;Canopy;Nocturnal;Phytophage;Solitary
Bradypus_tridactylus;Pilosa;NA;0;1;0;NA;NA;Canopy;Nocturnal;Phytophage;Solitary
Bradypus_tridactylus;Pilosa;NA;0;1;0;NA;NA;Canopy;Nocturnal;Phytophage;Solitary
Bradypus_tridactylus;Pilosa;NA;0;1;0;NA;NA;Canopy;Nocturnal;Phytophage;Solitary
Bradypus_tridactylus;Pilosa;NA;0;0;0;NA;NA;Canopy;Nocturnal;Phytophage;Solitary
Bradypus_tridactylus;Pilosa;NA;0;0;0;NA;NA;Canopy;Nocturnal;Phytophage;Solitary
Bradypus_tridactylus;Pilosa;NA;0;1;0;NA;NA;Canopy;Nocturnal;Phytophage;Solitary
Bradypus_tridactylus;Pilosa;NA;0;1;0;NA;NA;Canopy;Nocturnal;Phytophage;Solitary
Bradypus_tridactylus;Pilosa;NA;0;1;0;NA;NA;Canopy;Nocturnal;Phytophage;Solitary
Bradypus_tridactylus;Pilosa;NA;0;0;0;NA;NA;Canopy;Nocturnal;Phytophage;Solitary
Bradypus_tridactylus;Pilosa;F;0;0;0;0;1;Canopy;Nocturnal;Phytophage;Solitary
Bradypus_tridactylus;Pilosa;M;1;1;0;0;0;Canopy;Nocturnal;Phytophage;Solitary
Bradypus_tridactylus;Pilosa;M;1;1;0;0;0;Canopy;Nocturnal;Phytophage;Solitary
Bradypus_tridactylus;Pilosa;M;0;0;0;0;1;Canopy;Nocturnal;Phytophage;Solitary
Bradypus_tridactylus;Pilosa;F;0;0;0;0;0;Canopy;Nocturnal;Phytophage;Solitary
Bradypus_tridactylus;Pilosa;M;0;1;0;0;0;Canopy;Nocturnal;Phytophage;Solitary
Bradypus_tridactylus;Pilosa;F;0;1;0;0;0;Canopy;Nocturnal;Phytophage;Solitary
Bradypus_tridactylus;Pilosa;M;0;1;0;0;1;Canopy;Nocturnal;Phytophage;Solitary
Bradypus_tridactylus;Pilosa;F;0;1;0;0;0;Canopy;Nocturnal;Phytophage;Solitary
Bradypus_tridactylus;Pilosa;F;0;1;0;0;0;Canopy;Nocturnal;Phytophage;Solitary
Bradypus_tridactylus;Pilosa;M;0;1;0;0;1;Canopy;Nocturnal;Phytophage;Solitary
Bradypus_tridactylus;Pilosa;M;0;1;0;0;0;Canopy;Nocturnal;Phytophage;Solitary
Bradypus_tridactylus;Pilosa;M;0;1;0;0;0;Canopy;Nocturnal;Phytophage;Solitary
Bradypus_tridactylus;Pilosa;F;0;1;0;0;0;Canopy;Nocturnal;Phytophage;Solitary
Bradypus_tridactylus;Pilosa;M;0;0;0;0;1;Canopy;Nocturnal;Phytophage;Solitary
Bradypus_tridactylus;Pilosa;F;0;0;0;0;0;Canopy;Nocturnal;Phytophage;Solitary
Bradypus_tridactylus;Pilosa;F;0;0;0;0;0;Canopy;Nocturnal;Phytophage;Solitary
Bradypus_tridactylus;Pilosa;M;0;1;0;0;0;Canopy;Nocturnal;Phytophage;Solitary
Bradypus_tridactylus;Pilosa;F;0;1;0;0;0;Canopy;Nocturnal;Phytophage;Solitary
Bradypus_tridactylus;Pilosa;F;0;1;0;0;1;Canopy;Nocturnal;Phytophage;Solitary
Bradypus_tridactylus;Pilosa;M;0;0;0;0;0;Canopy;Nocturnal;Phytophage;Solitary
Bradypus_tridactylus;Pilosa;F;0;1;0;0;0;Canopy;Nocturnal;Phytophage;Solitary
Bradypus_tridactylus;Pilosa;F;0;1;0;0;0;Canopy;Nocturnal;Phytophage;Solitary
Bradypus_tridactylus;Pilosa;F;0;1;0;0;0;Canopy;Nocturnal;Phytophage;Solitary
Bradypus_tridactylus;Pilosa;M;0;1;0;0;1;Canopy;Nocturnal;Phytophage;Solitary
Bradypus_tridactylus;Pilosa;M;0;1;0;0;0;Canopy;Nocturnal;Phytophage;Solitary
Bradypus_tridactylus;Pilosa;M;0;1;0;0;0;Canopy;Nocturnal;Phytophage;Solitary
Bradypus_tridactylus;Pilosa;M;0;0;0;0;0;Canopy;Nocturnal;Phytophage;Solitary
Bradypus_tridactylus;Pilosa;F;0;0;0;0;0;Canopy;Nocturnal;Phytophage;Solitary
Bradypus_tridactylus;Pilosa;F;0;0;0;0;0;Canopy;Nocturnal;Phytophage;Solitary
Bradypus_tridactylus;Pilosa;F;0;0;0;1;0;Canopy;Nocturnal;Phytophage;Solitary
Bradypus_tridactylus;Pilosa;F;0;0;0;0;0;Canopy;Nocturnal;Phytophage;Solitary
Bradypus_tridactylus;Pilosa;M;0;1;0;0;0;Canopy;Nocturnal;Phytophage;Solitary
Bradypus_tridactylus;Pilosa;F;0;1;0;0;0;Canopy;Nocturnal;Phytophage;Solitary
Bradypus_tridactylus;Pilosa;F;0;0;0;0;1;Canopy;Nocturnal;Phytophage;Solitary
Bradypus_tridactylus;Pilosa;F;0;0;0;0;1;Canopy;Nocturnal;Phytophage;Solitary
Bradypus_tridactylus;Pilosa;F;0;0;0;0;1;Canopy;Nocturnal;Phytophage;Solitary
Bradypus_tridactylus;Pilosa;M;0;0;0;0;1;Canopy;Nocturnal;Phytophage;Solitary
Bradypus_tridactylus;Pilosa;M;0;1;0;0;0;Canopy;Nocturnal;Phytophage;Solitary
Bradypus_tridactylus;Pilosa;M;0;1;0;0;1;Canopy;Nocturnal;Phytophage;Solitary
Bradypus_tridactylus;Pilosa;M;0;1;0;0;1;Canopy;Nocturnal;Phytophage;Solitary
Bradypus_tridactylus;Pilosa;F;0;1;0;1;0;Canopy;Nocturnal;Phytophage;Solitary
Bradypus_tridactylus;Pilosa;F;0;1;0;0;1;Canopy;Nocturnal;Phytophage;Solitary
Bradypus_tridactylus;Pilosa;F;0;1;0;0;1;Canopy;Nocturnal;Phytophage;Solitary
Bradypus_tridactylus;Pilosa;M;0;0;0;0;0;Canopy;Nocturnal;Phytophage;Solitary
Bradypus_tridactylus;Pilosa;F;0;1;0;0;0;Canopy;Nocturnal;Phytophage;Solitary
Bradypus_tridactylus;Pilosa;M;0;0;0;0;0;Canopy;Nocturnal;Phytophage;Solitary
Bradypus_tridactylus;Pilosa;F;0;1;0;0;0;Canopy;Nocturnal;Phytophage;Solitary
Bradypus_tridactylus;Pilosa;M;0;1;0;0;1;Canopy;Nocturnal;Phytophage;Solitary
Bradypus_tridactylus;Pilosa;F;0;0;0;0;0;Canopy;Nocturnal;Phytophage;Solitary
Bradypus_tridactylus;Pilosa;M;0;1;0;0;0;Canopy;Nocturnal;Phytophage;Solitary
Bradypus_tridactylus;Pilosa;M;0;0;0;0;1;Canopy;Nocturnal;Phytophage;Solitary
Bradypus_tridactylus;Pilosa;NA;0;1;0;NA;NA;Canopy;Nocturnal;Phytophage;Solitary
Bradypus_tridactylus;Pilosa;M;0;1;0;0;0;Canopy;Nocturnal;Phytophage;Solitary
Bradypus_tridactylus;Pilosa;M;0;0;0;0;0;Canopy;Nocturnal;Phytophage;Solitary
Bradypus_tridactylus;Pilosa;F;0;1;0;0;1;Canopy;Nocturnal;Phytophage;Solitary
Bradypus_tridactylus;Pilosa;M;0;1;0;0;1;Canopy;Nocturnal;Phytophage;Solitary
Bradypus_tridactylus;Pilosa;F;1;0;0;0;0;Canopy;Nocturnal;Phytophage;Solitary
Bradypus_tridactylus;Pilosa;M;0;1;0;0;0;Canopy;Nocturnal;Phytophage;Solitary
Bradypus_tridactylus;Pilosa;F;0;1;0;0;0;Canopy;Nocturnal;Phytophage;Solitary
Bradypus_tridactylus;Pilosa;M;0;1;0;0;1;Canopy;Nocturnal;Phytophage;Solitary
Bradypus_tridactylus;Pilosa;M;0;1;0;0;0;Canopy;Nocturnal;Phytophage;Solitary
Bradypus_tridactylus;Pilosa;M;0;1;0;0;1;Canopy;Nocturnal;Phytophage;Solitary
Bradypus_tridactylus;Pilosa;NA;0;0;0;0;0;Canopy;Nocturnal;Phytophage;Solitary
Bradypus_tridactylus;Pilosa;F;0;0;0;0;0;Canopy;Nocturnal;Phytophage;Solitary
Bradypus_tridactylus;Pilosa;M;0;1;0;0;0;Canopy;Nocturnal;Phytophage;Solitary
Bradypus_tridactylus;Pilosa;M;0;0;0;0;1;Canopy;Nocturnal;Phytophage;Solitary
Bradypus_tridactylus;Pilosa;F;0;0;0;0;0;Canopy;Nocturnal;Phytophage;Solitary
Bradypus_tridactylus;Pilosa;M;0;0;0;0;1;Canopy;Nocturnal;Phytophage;Solitary
Bradypus_tridactylus;Pilosa;NA;0;1;0;NA;NA;Canopy;Nocturnal;Phytophage;Solitary
Bradypus_tridactylus;Pilosa;F;0;1;0;0;0;Canopy;Nocturnal;Phytophage;Solitary
Bradypus_tridactylus;Pilosa;F;0;1;0;0;1;Canopy;Nocturnal;Phytophage;Solitary
Bradypus_tridactylus;Pilosa;F;0;1;0;0;0;Canopy;Nocturnal;Phytophage;Solitary
Bradypus_tridactylus;Pilosa;M;0;1;0;0;0;Canopy;Nocturnal;Phytophage;Solitary
Bradypus_tridactylus;Pilosa;M;0;1;0;0;0;Canopy;Nocturnal;Phytophage;Solitary
Bradypus_tridactylus;Pilosa;M;0;0;0;0;0;Canopy;Nocturnal;Phytophage;Solitary
Bradypus_tridactylus;Pilosa;F;0;0;0;0;1;Canopy;Nocturnal;Phytophage;Solitary
Bradypus_tridactylus;Pilosa;M;0;0;0;0;0;Canopy;Nocturnal;Phytophage;Solitary
Bradypus_tridactylus;Pilosa;M;0;0;0;0;0;Canopy;Nocturnal;Phytophage;Solitary
Bradypus_tridactylus;Pilosa;F;1;0;0;0;0;Canopy;Nocturnal;Phytophage;Solitary
Bradypus_tridactylus;Pilosa;M;0;1;0;0;1;Canopy;Nocturnal;Phytophage;Solitary
Bradypus_tridactylus;Pilosa;M;0;1;0;0;0;Canopy;Nocturnal;Phytophage;Solitary
Bradypus_tridactylus;Pilosa;M;0;1;0;0;0;Canopy;Nocturnal;Phytophage;Solitary
Bradypus_tridactylus;Pilosa;M;0;1;0;0;0;Canopy;Nocturnal;Phytophage;Solitary
Bradypus_tridactylus;Pilosa;NA;0;1;0;NA;NA;Canopy;Nocturnal;Phytophage;Solitary
Bradypus_tridactylus;Pilosa;M;0;1;0;1;0;Canopy;Nocturnal;Phytophage;Solitary
Bradypus_tridactylus;Pilosa;F;0;0;0;0;0;Canopy;Nocturnal;Phytophage;Solitary
Bradypus_tridactylus;Pilosa;F;0;1;0;0;1;Canopy;Nocturnal;Phytophage;Solitary
Bradypus_tridactylus;Pilosa;M;0;1;0;0;1;Canopy;Nocturnal;Phytophage;Solitary
Bradypus_tridactylus;Pilosa;M;0;1;0;0;0;Canopy;Nocturnal;Phytophage;Solitary
Bradypus_tridactylus;Pilosa;F;0;1;0;0;0;Canopy;Nocturnal;Phytophage;Solitary
Bradypus_tridactylus;Pilosa;M;0;1;0;0;0;Canopy;Nocturnal;Phytophage;Solitary
Bradypus_tridactylus;Pilosa;F;0;1;0;0;0;Canopy;Nocturnal;Phytophage;Solitary
Bradypus_tridactylus;Pilosa;M;0;0;0;0;0;Canopy;Nocturnal;Phytophage;Solitary
Bradypus_tridactylus;Pilosa;F;0;0;0;0;1;Canopy;Nocturnal;Phytophage;Solitary
Bradypus_tridactylus;Pilosa;F;0;1;0;0;1;Canopy;Nocturnal;Phytophage;Solitary
Choloepus_didactylus;Pilosa;F;1;1;0;0;0;Canopy;Nocturnal;Phytophage;Solitary
Choloepus_didactylus;Pilosa;F;1;1;0;0;0;Canopy;Nocturnal;Phytophage;Solitary
Choloepus_didactylus;Pilosa;M;0;0;0;0;1;Canopy;Nocturnal;Phytophage;Solitary
Choloepus_didactylus;Pilosa;M;1;1;0;0;0;Canopy;Nocturnal;Phytophage;Solitary
Choloepus_didactylus;Pilosa;F;1;1;0;0;0;Canopy;Nocturnal;Phytophage;Solitary
Choloepus_didactylus;Pilosa;F;1;1;0;0;0;Canopy;Nocturnal;Phytophage;Solitary
Choloepus_didactylus;Pilosa;F;1;1;0;0;0;Canopy;Nocturnal;Phytophage;Solitary
Choloepus_didactylus;Pilosa;NA;1;1;0;NA;NA;Canopy;Nocturnal;Phytophage;Solitary
Choloepus_didactylus;Pilosa;F;1;1;0;0;0;Canopy;Nocturnal;Phytophage;Solitary
Choloepus_didactylus;Pilosa;M;0;1;0;0;0;Canopy;Nocturnal;Phytophage;Solitary
Choloepus_didactylus;Pilosa;F;1;1;0;1;0;Canopy;Nocturnal;Phytophage;Solitary
Choloepus_didactylus;Pilosa;F;1;0;0;0;0;Canopy;Nocturnal;Phytophage;Solitary
Choloepus_didactylus;Pilosa;M;1;0;0;0;0;Canopy;Nocturnal;Phytophage;Solitary
Choloepus_didactylus;Pilosa;F;0;0;0;0;0;Canopy;Nocturnal;Phytophage;Solitary
Choloepus_didactylus;Pilosa;M;1;1;0;0;1;Canopy;Nocturnal;Phytophage;Solitary
Choloepus_didactylus;Pilosa;F;0;0;0;0;0;Canopy;Nocturnal;Phytophage;Solitary
Choloepus_didactylus;Pilosa;M;1;1;0;0;0;Canopy;Nocturnal;Phytophage;Solitary
Choloepus_didactylus;Pilosa;M;1;1;0;0;0;Canopy;Nocturnal;Phytophage;Solitary
Choloepus_didactylus;Pilosa;M;1;1;1;0;0;Canopy;Nocturnal;Phytophage;Solitary
Choloepus_didactylus;Pilosa;F;1;0;0;0;1;Canopy;Nocturnal;Phytophage;Solitary
Choloepus_didactylus;Pilosa;F;0;0;0;0;0;Canopy;Nocturnal;Phytophage;Solitary
Choloepus_didactylus;Pilosa;M;1;1;0;0;0;Canopy;Nocturnal;Phytophage;Solitary
Choloepus_didactylus;Pilosa;M;1;0;0;0;0;Canopy;Nocturnal;Phytophage;Solitary
Choloepus_didactylus;Pilosa;F;1;0;0;0;0;Canopy;Nocturnal;Phytophage;Solitary
Choloepus_didactylus;Pilosa;M;1;1;0;0;0;Canopy;Nocturnal;Phytophage;Solitary
Choloepus_didactylus;Pilosa;F;1;1;0;0;0;Canopy;Nocturnal;Phytophage;Solitary
Choloepus_didactylus;Pilosa;F;1;1;0;0;0;Canopy;Nocturnal;Phytophage;Solitary
Choloepus_didactylus;Pilosa;F;1;1;0;0;0;Canopy;Nocturnal;Phytophage;Solitary
Choloepus_didactylus;Pilosa;M;1;1;0;0;0;Canopy;Nocturnal;Phytophage;Solitary
Choloepus_didactylus;Pilosa;F;1;1;0;0;0;Canopy;Nocturnal;Phytophage;Solitary
Choloepus_didactylus;Pilosa;F;1;0;0;0;1;Canopy;Nocturnal;Phytophage;Solitary
Choloepus_didactylus;Pilosa;F;0;0;0;0;0;Canopy;Nocturnal;Phytophage;Solitary
Choloepus_didactylus;Pilosa;M;1;1;0;0;0;Canopy;Nocturnal;Phytophage;Solitary
Choloepus_didactylus;Pilosa;F;1;0;0;0;0;Canopy;Nocturnal;Phytophage;Solitary
Choloepus_didactylus;Pilosa;F;0;0;0;0;0;Canopy;Nocturnal;Phytophage;Solitary
Choloepus_didactylus;Pilosa;M;1;0;0;0;0;Canopy;Nocturnal;Phytophage;Solitary
Choloepus_didactylus;Pilosa;NA;1;0;0;0;0;Canopy;Nocturnal;Phytophage;Solitary
Choloepus_didactylus;Pilosa;F;1;0;0;0;0;Canopy;Nocturnal;Phytophage;Solitary
Choloepus_didactylus;Pilosa;F;1;1;0;0;0;Canopy;Nocturnal;Phytophage;Solitary
Choloepus_didactylus;Pilosa;F;0;1;0;0;0;Canopy;Nocturnal;Phytophage;Solitary
Choloepus_didactylus;Pilosa;F;1;0;0;0;1;Canopy;Nocturnal;Phytophage;Solitary
Choloepus_didactylus;Pilosa;F;1;0;0;0;0;Canopy;Nocturnal;Phytophage;Solitary
Choloepus_didactylus;Pilosa;F;0;0;0;0;0;Canopy;Nocturnal;Phytophage;Solitary
Choloepus_didactylus;Pilosa;F;1;0;0;0;0;Canopy;Nocturnal;Phytophage;Solitary
Choloepus_didactylus;Pilosa;M;1;1;0;0;0;Canopy;Nocturnal;Phytophage;Solitary
Choloepus_didactylus;Pilosa;M;0;1;0;1;0;Canopy;Nocturnal;Phytophage;Solitary
Choloepus_didactylus;Pilosa;F;1;0;0;0;0;Canopy;Nocturnal;Phytophage;Solitary
Choloepus_didactylus;Pilosa;M;1;1;0;0;0;Canopy;Nocturnal;Phytophage;Solitary
Choloepus_didactylus;Pilosa;F;1;0;0;0;0;Canopy;Nocturnal;Phytophage;Solitary
Choloepus_didactylus;Pilosa;M;1;0;0;0;1;Canopy;Nocturnal;Phytophage;Solitary
Choloepus_didactylus;Pilosa;NA;0;1;0;NA;NA;Canopy;Nocturnal;Phytophage;Solitary
Choloepus_didactylus;Pilosa;NA;0;0;0;NA;NA;Canopy;Nocturnal;Phytophage;Solitary
Choloepus_didactylus;Pilosa;NA;0;1;0;NA;NA;Canopy;Nocturnal;Phytophage;Solitary
Choloepus_didactylus;Pilosa;F;1;0;0;0;0;Canopy;Nocturnal;Phytophage;Solitary
Choloepus_didactylus;Pilosa;NA;1;1;0;NA;NA;Canopy;Nocturnal;Phytophage;Solitary
Choloepus_didactylus;Pilosa;F;0;0;0;0;0;Canopy;Nocturnal;Phytophage;Solitary
Choloepus_didactylus;Pilosa;F;1;1;0;0;0;Canopy;Nocturnal;Phytophage;Solitary
Choloepus_didactylus;Pilosa;F;1;0;0;0;0;Canopy;Nocturnal;Phytophage;Solitary
Choloepus_didactylus;Pilosa;M;1;1;1;0;1;Canopy;Nocturnal;Phytophage;Solitary
Choloepus_didactylus;Pilosa;M;1;0;0;0;0;Canopy;Nocturnal;Phytophage;Solitary
Choloepus_didactylus;Pilosa;M;0;0;1;0;0;Canopy;Nocturnal;Phytophage;Solitary
Choloepus_didactylus;Pilosa;M;1;1;1;0;0;Canopy;Nocturnal;Phytophage;Solitary
Choloepus_didactylus;Pilosa;F;1;1;0;0;0;Canopy;Nocturnal;Phytophage;Solitary
Choloepus_didactylus;Pilosa;M;1;1;1;0;0;Canopy;Nocturnal;Phytophage;Solitary
Choloepus_didactylus;Pilosa;F;1;1;0;0;0;Canopy;Nocturnal;Phytophage;Solitary
Choloepus_didactylus;Pilosa;M;1;1;0;0;1;Canopy;Nocturnal;Phytophage;Solitary
Choloepus_didactylus;Pilosa;M;1;1;1;0;0;Canopy;Nocturnal;Phytophage;Solitary
Choloepus_didactylus;Pilosa;NA;1;1;0;0;0;Canopy;Nocturnal;Phytophage;Solitary
Choloepus_didactylus;Pilosa;M;1;0;0;0;0;Canopy;Nocturnal;Phytophage;Solitary
Choloepus_didactylus;Pilosa;M;1;1;0;0;1;Canopy;Nocturnal;Phytophage;Solitary
Choloepus_didactylus;Pilosa;F;1;1;0;0;1;Canopy;Nocturnal;Phytophage;Solitary
Choloepus_didactylus;Pilosa;F;1;1;0;0;1;Canopy;Nocturnal;Phytophage;Solitary
Choloepus_didactylus;Pilosa;M;1;0;0;0;0;Canopy;Nocturnal;Phytophage;Solitary
Choloepus_didactylus;Pilosa;M;1;0;0;0;0;Canopy;Nocturnal;Phytophage;Solitary
Choloepus_didactylus;Pilosa;F;1;0;0;0;0;Canopy;Nocturnal;Phytophage;Solitary
Choloepus_didactylus;Pilosa;M;1;0;0;0;0;Canopy;Nocturnal;Phytophage;Solitary
Choloepus_didactylus;Pilosa;M;1;0;0;0;0;Canopy;Nocturnal;Phytophage;Solitary
Choloepus_didactylus;Pilosa;F;1;1;0;0;0;Canopy;Nocturnal;Phytophage;Solitary
Choloepus_didactylus;Pilosa;F;1;0;0;0;0;Canopy;Nocturnal;Phytophage;Solitary
Choloepus_didactylus;Pilosa;M;1;0;1;0;0;Canopy;Nocturnal;Phytophage;Solitary
Choloepus_didactylus;Pilosa;F;1;1;0;0;0;Canopy;Nocturnal;Phytophage;Solitary
Choloepus_didactylus;Pilosa;F;1;0;0;0;0;Canopy;Nocturnal;Phytophage;Solitary
Choloepus_didactylus;Pilosa;M;1;0;0;0;0;Canopy;Nocturnal;Phytophage;Solitary
Choloepus_didactylus;Pilosa;M;0;0;0;0;0;Canopy;Nocturnal;Phytophage;Solitary
Choloepus_didactylus;Pilosa;F;1;0;0;0;1;Canopy;Nocturnal;Phytophage;Solitary
Choloepus_didactylus;Pilosa;F;0;0;0;0;0;Canopy;Nocturnal;Phytophage;Solitary
Choloepus_didactylus;Pilosa;F;1;0;0;0;0;Canopy;Nocturnal;Phytophage;Solitary
Choloepus_didactylus;Pilosa;F;0;0;0;0;0;Canopy;Nocturnal;Phytophage;Solitary
Choloepus_didactylus;Pilosa;F;1;0;0;0;1;Canopy;Nocturnal;Phytophage;Solitary
Choloepus_didactylus;Pilosa;F;1;1;0;0;0;Canopy;Nocturnal;Phytophage;Solitary
Cyclopes_didactylus;Pilosa;NA;0;0;0;NA;NA;Canopy;Nocturnal;Insectivore;Solitary
Tamandua_tetradactyla;Pilosa;M;0;0;0;NA;NA;Mixed;Nocturnal;Insectivore;Solitary
Tamandua_tetradactyla;Pilosa;NA;0;0;0;NA;NA;Mixed;Nocturnal;Insectivore;Solitary
Tamandua_tetradactyla;Pilosa;NA;0;0;0;NA;NA;Mixed;Nocturnal;Insectivore;Solitary
Cabassous_unicinctus;Cingulata;M;0;0;0;NA;NA;Ground;Nocturnal;Insectivore;Solitary
Cabassous_unicinctus;Cingulata;M;0;0;0;NA;NA;Ground;Nocturnal;Insectivore;Solitary
Dasypus_novemcinctus;Cingulata;M;0;0;0;NA;NA;Ground;Nocturnal;Insectivore;Solitary
Dasypus_novemcinctus;Cingulata;M;0;0;0;NA;NA;Ground;Nocturnal;Insectivore;Solitary
Dasypus_novemcinctus;Cingulata;M;1;1;1;NA;NA;Ground;Nocturnal;Insectivore;Solitary
Dasypus_novemcinctus;Cingulata;F;0;0;0;NA;NA;Ground;Nocturnal;Insectivore;Solitary
Dasypus_novemcinctus;Cingulata;M;0;0;0;NA;NA;Ground;Nocturnal;Insectivore;Solitary
Dasypus_novemcinctus;Cingulata;M;0;0;0;NA;NA;Ground;Nocturnal;Insectivore;Solitary
Dasypus_novemcinctus;Cingulata;NA;1;0;0;NA;NA;Ground;Nocturnal;Insectivore;Solitary
Dasypus_novemcinctus;Cingulata;M;0;0;0;NA;NA;Ground;Nocturnal;Insectivore;Solitary
Dasypus_novemcinctus;Cingulata;F;1;1;1;NA;NA;Ground;Nocturnal;Insectivore;Solitary
Dasypus_novemcinctus;Cingulata;M;1;0;0;NA;NA;Ground;Nocturnal;Insectivore;Solitary
Dasypus_novemcinctus;Cingulata;M;0;0;0;NA;NA;Ground;Nocturnal;Insectivore;Solitary
Dasypus_novemcinctus;Cingulata;F;0;0;0;NA;NA;Ground;Nocturnal;Insectivore;Solitary
Dasypus_novemcinctus;Cingulata;M;0;0;0;NA;NA;Ground;Nocturnal;Insectivore;Solitary
Dasypus_novemcinctus;Cingulata;M;0;0;1;NA;NA;Ground;Nocturnal;Insectivore;Solitary
Dasypus_novemcinctus;Cingulata;M;1;1;0;NA;NA;Ground;Nocturnal;Insectivore;Solitary
Hydrochoerus_hydrochaeris;Rodentia;NA;0;1;0;NA;NA;Ground;Nocturnal;Phytophage;Group
Hydrochoerus_hydrochaeris;Rodentia;NA;0;0;0;NA;NA;Ground;Nocturnal;Phytophage;Group
Holochilus_sciureus;Rodentia;NA;1;0;0;NA;NA;Ground;Nocturnal;Phytophage;Group
Holochilus_sciureus;Rodentia;NA;0;0;0;NA;NA;Ground;Nocturnal;Phytophage;Group
Holochilus_sciureus;Rodentia;NA;0;0;0;NA;NA;Ground;Nocturnal;Phytophage;Group
Holochilus_sciureus;Rodentia;F;0;0;0;NA;NA;Ground;Nocturnal;Phytophage;Group
Holochilus_sciureus;Rodentia;NA;0;0;0;NA;NA;Ground;Nocturnal;Phytophage;Group
Hylaeamys_megacephalus;Rodentia;NA;0;0;0;NA;NA;Ground;Nocturnal;Omnivore;Solitary
Hylaeamys_megacephalus;Rodentia;NA;0;0;0;NA;NA;Ground;Nocturnal;Omnivore;Solitary
Hylaeamys_megacephalus;Rodentia;NA;0;0;0;NA;NA;Ground;Nocturnal;Omnivore;Solitary
Hylaeamys_megacephalus;Rodentia;NA;0;0;0;NA;NA;Ground;Nocturnal;Omnivore;Solitary
Hylaeamys_megacephalus;Rodentia;NA;0;0;0;NA;NA;Ground;Nocturnal;Omnivore;Solitary
Hylaeamys_megacephalus;Rodentia;M;0;0;0;NA;NA;Ground;Nocturnal;Omnivore;Solitary
Hylaeamys_megacephalus;Rodentia;M;0;0;0;NA;NA;Ground;Nocturnal;Omnivore;Solitary
Hylaeamys_megacephalus;Rodentia;M;0;0;0;NA;NA;Ground;Nocturnal;Omnivore;Solitary
Hylaeamys_megacephalus;Rodentia;NA;0;0;0;NA;NA;Ground;Nocturnal;Omnivore;Solitary
Hylaeamys_megacephalus;Rodentia;NA;0;0;0;NA;NA;Ground;Nocturnal;Omnivore;Solitary
Hylaeamys_megacephalus;Rodentia;NA;0;0;0;NA;NA;Ground;Nocturnal;Omnivore;Solitary
Hylaeamys_megacephalus;Rodentia;NA;0;0;0;NA;NA;Ground;Nocturnal;Omnivore;Solitary
Hylaeamys_megacephalus;Rodentia;M;0;0;0;NA;NA;Ground;Nocturnal;Omnivore;Solitary
Hylaeamys_megacephalus;Rodentia;F;0;0;0;NA;NA;Ground;Nocturnal;Omnivore;Solitary
Hylaeamys_megacephalus;Rodentia;F;0;0;0;NA;NA;Ground;Nocturnal;Omnivore;Solitary
Hylaeamys_yunganus;Rodentia;F;0;0;0;NA;NA;Ground;Nocturnal;Omnivore;Solitary
Hylaeamys_yunganus;Rodentia;NA;0;0;0;NA;NA;Ground;Nocturnal;Omnivore;Solitary
Hylaeamys_yunganus;Rodentia;NA;0;0;0;NA;NA;Ground;Nocturnal;Omnivore;Solitary
Hylaeamys_yunganus;Rodentia;M;0;0;0;NA;NA;Ground;Nocturnal;Omnivore;Solitary
Hylaeamys_yunganus;Rodentia;NA;0;0;0;NA;NA;Ground;Nocturnal;Omnivore;Solitary
Hylaeamys_yunganus;Rodentia;F;0;0;0;NA;NA;Ground;Nocturnal;Omnivore;Solitary
Hylaeamys_yunganus;Rodentia;F;0;0;0;NA;NA;Ground;Nocturnal;Omnivore;Solitary
Hylaeamys_yunganus;Rodentia;F;0;0;0;NA;NA;Ground;Nocturnal;Omnivore;Solitary
Hylaeamys_yunganus;Rodentia;M;0;0;0;NA;NA;Ground;Nocturnal;Omnivore;Solitary
Hylaeamys_yunganus;Rodentia;F;0;0;0;NA;NA;Ground;Nocturnal;Omnivore;Solitary
Neacomys_dubosti;Rodentia;M;0;0;0;NA;NA;Ground;Nocturnal;Insectivore;Solitary
Neacomys_paracou;Rodentia;M;0;0;0;NA;NA;Ground;Nocturnal;Insectivore;Solitary
Neacomys_paracou;Rodentia;NA;0;0;0;NA;NA;Ground;Nocturnal;Insectivore;Solitary
Neacomys_paracou;Rodentia;F;0;0;0;NA;NA;Ground;Nocturnal;Insectivore;Solitary
Neacomys_paracou;Rodentia;F;0;0;0;NA;NA;Ground;Nocturnal;Insectivore;Solitary
Neacomys_paracou;Rodentia;M;0;0;0;NA;NA;Ground;Nocturnal;Insectivore;Solitary
Neacomys_paracou;Rodentia;M;0;0;0;NA;NA;Ground;Nocturnal;Insectivore;Solitary
Neacomys_paracou;Rodentia;M;0;0;0;NA;NA;Ground;Nocturnal;Insectivore;Solitary
Neacomys_paracou;Rodentia;M;0;0;0;NA;NA;Ground;Nocturnal;Insectivore;Solitary
Nectomys_rattus;Rodentia;F;0;0;0;NA;NA;Ground;Nocturnal;Omnivore;Solitary
Nectomys_rattus;Rodentia;M;1;0;0;NA;NA;Ground;Nocturnal;Omnivore;Solitary
Nectomys_rattus;Rodentia;M;0;0;0;NA;NA;Ground;Nocturnal;Omnivore;Solitary
Nectomys_rattus;Rodentia;M;1;0;0;NA;NA;Ground;Nocturnal;Omnivore;Solitary
Oecomys_auyantepui;Rodentia;NA;0;0;0;NA;NA;Canopy;Nocturnal;Omnivore;Solitary
Oecomys_auyantepui;Rodentia;NA;1;0;0;NA;NA;Canopy;Nocturnal;Omnivore;Solitary
Oecomys_auyantepui;Rodentia;NA;0;0;0;NA;NA;Canopy;Nocturnal;Omnivore;Solitary
Oecomys_auyantepui;Rodentia;M;0;0;0;NA;NA;Canopy;Nocturnal;Omnivore;Solitary
Oecomys_auyantepui;Rodentia;F;0;0;0;NA;NA;Canopy;Nocturnal;Omnivore;Solitary
Oecomys_auyantepui;Rodentia;F;0;0;0;NA;NA;Canopy;Nocturnal;Omnivore;Solitary
Oecomys_auyantepui;Rodentia;M;0;0;0;NA;NA;Canopy;Nocturnal;Omnivore;Solitary
Oecomys_auyantepui;Rodentia;NA;0;0;0;NA;NA;Canopy;Nocturnal;Omnivore;Solitary
Oecomys_auyantepui;Rodentia;M;0;0;0;NA;NA;Canopy;Nocturnal;Omnivore;Solitary
Oecomys_auyantepui;Rodentia;NA;0;0;0;NA;NA;Canopy;Nocturnal;Omnivore;Solitary
Oecomys_auyantepui;Rodentia;NA;0;0;0;NA;NA;Canopy;Nocturnal;Omnivore;Solitary
Oecomys_auyantepui;Rodentia;NA;0;0;0;NA;NA;Canopy;Nocturnal;Omnivore;Solitary
Oecomys_auyantepui;Rodentia;NA;0;0;0;NA;NA;Canopy;Nocturnal;Omnivore;Solitary
Oecomys_auyantepui;Rodentia;NA;0;0;0;NA;NA;Canopy;Nocturnal;Omnivore;Solitary
Oecomys_auyantepui;Rodentia;NA;0;0;0;NA;NA;Canopy;Nocturnal;Omnivore;Solitary
Oecomys_auyantepui;Rodentia;M;0;0;0;NA;NA;Canopy;Nocturnal;Omnivore;Solitary
Oecomys_bicolor;Rodentia;F;0;0;0;NA;NA;Canopy;Nocturnal;Omnivore;Solitary
Oecomys_bicolor;Rodentia;M;0;0;0;NA;NA;Canopy;Nocturnal;Omnivore;Solitary
Oecomys_bicolor;Rodentia;NA;0;0;0;NA;NA;Canopy;Nocturnal;Omnivore;Solitary
Oecomys_bicolor;Rodentia;NA;0;0;0;NA;NA;Canopy;Nocturnal;Omnivore;Solitary
Oecomys_bicolor;Rodentia;NA;0;0;0;NA;NA;Canopy;Nocturnal;Omnivore;Solitary
Oecomys_bicolor;Rodentia;NA;0;0;0;NA;NA;Canopy;Nocturnal;Omnivore;Solitary
Oecomys_bicolor;Rodentia;M;0;0;0;NA;NA;Canopy;Nocturnal;Omnivore;Solitary
Oecomys_bicolor;Rodentia;M;0;0;0;NA;NA;Canopy;Nocturnal;Omnivore;Solitary
Oecomys_bicolor;Rodentia;F;0;0;0;NA;NA;Canopy;Nocturnal;Omnivore;Solitary
Oecomys_bicolor;Rodentia;F;0;0;0;NA;NA;Canopy;Nocturnal;Omnivore;Solitary
Oecomys_bicolor;Rodentia;M;0;0;0;NA;NA;Canopy;Nocturnal;Omnivore;Solitary
Oecomys_bicolor;Rodentia;F;0;0;0;NA;NA;Canopy;Nocturnal;Omnivore;Solitary
Oecomys_bicolor;Rodentia;NA;0;0;0;NA;NA;Canopy;Nocturnal;Omnivore;Solitary
Oecomys_bicolor;Rodentia;M;0;0;0;NA;NA;Canopy;Nocturnal;Omnivore;Solitary
Oecomys_bicolor;Rodentia;M;0;0;0;NA;NA;Canopy;Nocturnal;Omnivore;Solitary
Oecomys_bicolor;Rodentia;F;0;0;0;NA;NA;Canopy;Nocturnal;Omnivore;Solitary
Oligoryzomys_fulvescens;Rodentia;M;0;0;0;NA;NA;Ground;Nocturnal;Omnivore;Solitary
Oligoryzomys_fulvescens;Rodentia;M;0;0;0;NA;NA;Ground;Nocturnal;Omnivore;Solitary
Oligoryzomys_fulvescens;Rodentia;M;0;0;0;NA;NA;Ground;Nocturnal;Omnivore;Solitary
Oligoryzomys_fulvescens;Rodentia;M;1;0;0;NA;NA;Ground;Nocturnal;Omnivore;Solitary
Oligoryzomys_fulvescens;Rodentia;NA;0;0;0;NA;NA;Ground;Nocturnal;Omnivore;Solitary
Oligoryzomys_fulvescens;Rodentia;F;0;0;0;NA;NA;Ground;Nocturnal;Omnivore;Solitary
Oligoryzomys_fulvescens;Rodentia;NA;0;0;0;NA;NA;Ground;Nocturnal;Omnivore;Solitary
Makalata_didelphoides;Rodentia;M;0;0;0;NA;NA;Canopy;Nocturnal;Phytophage;Solitary
Makalata_didelphoides;Rodentia;M;0;0;0;NA;NA;Canopy;Nocturnal;Phytophage;Solitary
Makalata_didelphoides;Rodentia;NA;0;0;0;NA;NA;Canopy;Nocturnal;Phytophage;Solitary
Makalata_didelphoides;Rodentia;NA;0;0;0;NA;NA;Canopy;Nocturnal;Phytophage;Solitary
Makalata_didelphoides;Rodentia;M;0;0;0;NA;NA;Canopy;Nocturnal;Phytophage;Solitary
Makalata_didelphoides;Rodentia;NA;0;0;0;NA;NA;Canopy;Nocturnal;Phytophage;Solitary
Makalata_didelphoides;Rodentia;NA;0;0;0;NA;NA;Canopy;Nocturnal;Phytophage;Solitary
Makalata_didelphoides;Rodentia;NA;0;0;0;NA;NA;Canopy;Nocturnal;Phytophage;Solitary
Mesomys_hispidus;Rodentia;NA;0;0;0;NA;NA;Canopy;Nocturnal;Phytophage;Solitary
Mesomys_hispidus;Rodentia;NA;0;0;0;NA;NA;Canopy;Nocturnal;Phytophage;Solitary
Mesomys_hispidus;Rodentia;NA;0;0;0;NA;NA;Canopy;Nocturnal;Phytophage;Solitary
Mesomys_hispidus;Rodentia;NA;0;0;0;NA;NA;Canopy;Nocturnal;Phytophage;Solitary
Mesomys_hispidus;Rodentia;NA;0;0;0;NA;NA;Canopy;Nocturnal;Phytophage;Solitary
Mesomys_hispidus;Rodentia;NA;0;0;0;NA;NA;Canopy;Nocturnal;Phytophage;Solitary
Mesomys_hispidus;Rodentia;NA;0;0;0;NA;NA;Canopy;Nocturnal;Phytophage;Solitary
Mesomys_hispidus;Rodentia;NA;0;0;0;NA;NA;Canopy;Nocturnal;Phytophage;Solitary
Mesomys_hispidus;Rodentia;NA;0;0;0;NA;NA;Canopy;Nocturnal;Phytophage;Solitary
Mesomys_hispidus;Rodentia;NA;0;0;0;NA;NA;Canopy;Nocturnal;Phytophage;Solitary
Mesomys_hispidus;Rodentia;NA;0;0;0;NA;NA;Canopy;Nocturnal;Phytophage;Solitary
Mesomys_hispidus;Rodentia;NA;0;0;0;NA;NA;Canopy;Nocturnal;Phytophage;Solitary
Mesomys_hispidus;Rodentia;NA;0;0;0;NA;NA;Canopy;Nocturnal;Phytophage;Solitary
Proechimys_cuvieri;Rodentia;F;0;0;0;NA;NA;Ground;Nocturnal;Omnivore;Solitary
Proechimys_cuvieri;Rodentia;M;0;0;0;NA;NA;Ground;Nocturnal;Omnivore;Solitary
Proechimys_cuvieri;Rodentia;NA;0;0;0;NA;NA;Ground;Nocturnal;Omnivore;Solitary
Proechimys_cuvieri;Rodentia;F;0;0;0;NA;NA;Ground;Nocturnal;Omnivore;Solitary
Proechimys_cuvieri;Rodentia;NA;1;0;0;NA;NA;Ground;Nocturnal;Omnivore;Solitary
Proechimys_cuvieri;Rodentia;NA;0;0;0;NA;NA;Ground;Nocturnal;Omnivore;Solitary
Proechimys_cuvieri;Rodentia;NA;0;0;0;NA;NA;Ground;Nocturnal;Omnivore;Solitary
Proechimys_cuvieri;Rodentia;F;0;0;0;NA;NA;Ground;Nocturnal;Omnivore;Solitary
Proechimys_cuvieri;Rodentia;NA;1;0;0;NA;NA;Ground;Nocturnal;Omnivore;Solitary
Proechimys_cuvieri;Rodentia;NA;0;0;0;NA;NA;Ground;Nocturnal;Omnivore;Solitary
Proechimys_cuvieri;Rodentia;NA;0;0;0;NA;NA;Ground;Nocturnal;Omnivore;Solitary
Proechimys_cuvieri;Rodentia;NA;0;0;0;NA;NA;Ground;Nocturnal;Omnivore;Solitary
Proechimys_cuvieri;Rodentia;NA;0;0;0;NA;NA;Ground;Nocturnal;Omnivore;Solitary
Proechimys_cuvieri;Rodentia;NA;0;0;0;NA;NA;Ground;Nocturnal;Omnivore;Solitary
Proechimys_cuvieri;Rodentia;M;0;0;0;NA;NA;Ground;Nocturnal;Omnivore;Solitary
Proechimys_cuvieri;Rodentia;NA;0;0;0;NA;NA;Ground;Nocturnal;Omnivore;Solitary
Proechimys_cuvieri;Rodentia;NA;0;0;0;NA;NA;Ground;Nocturnal;Omnivore;Solitary
Proechimys_cuvieri;Rodentia;M;0;0;0;NA;NA;Ground;Nocturnal;Omnivore;Solitary
Proechimys_guyannensis;Rodentia;M;0;0;0;NA;NA;Ground;Nocturnal;Omnivore;Solitary
Proechimys_guyannensis;Rodentia;M;0;0;0;NA;NA;Ground;Nocturnal;Omnivore;Solitary
Proechimys_guyannensis;Rodentia;M;0;0;0;NA;NA;Ground;Nocturnal;Omnivore;Solitary
Proechimys_guyannensis;Rodentia;F;0;0;0;NA;NA;Ground;Nocturnal;Omnivore;Solitary
Proechimys_guyannensis;Rodentia;NA;0;0;0;NA;NA;Ground;Nocturnal;Omnivore;Solitary
Proechimys_guyannensis;Rodentia;M;0;0;0;NA;NA;Ground;Nocturnal;Omnivore;Solitary
Proechimys_guyannensis;Rodentia;NA;0;0;0;NA;NA;Ground;Nocturnal;Omnivore;Solitary
Proechimys_guyannensis;Rodentia;NA;0;0;0;NA;NA;Ground;Nocturnal;Omnivore;Solitary
Proechimys_guyannensis;Rodentia;M;0;0;0;NA;NA;Ground;Nocturnal;Omnivore;Solitary
Proechimys_guyannensis;Rodentia;F;0;0;0;NA;NA;Ground;Nocturnal;Omnivore;Solitary
Proechimys_guyannensis;Rodentia;M;0;0;0;NA;NA;Ground;Nocturnal;Omnivore;Solitary
Proechimys_guyannensis;Rodentia;M;0;0;0;NA;NA;Ground;Nocturnal;Omnivore;Solitary
Proechimys_guyannensis;Rodentia;M;0;0;0;NA;NA;Ground;Nocturnal;Omnivore;Solitary
Proechimys_guyannensis;Rodentia;M;1;0;0;NA;NA;Ground;Nocturnal;Omnivore;Solitary
Proechimys_guyannensis;Rodentia;M;0;0;0;NA;NA;Ground;Nocturnal;Omnivore;Solitary
Proechimys_guyannensis;Rodentia;F;0;0;0;NA;NA;Ground;Nocturnal;Omnivore;Solitary
Proechimys_guyannensis;Rodentia;F;0;0;0;NA;NA;Ground;Nocturnal;Omnivore;Solitary
Proechimys_guyannensis;Rodentia;M;0;0;0;NA;NA;Ground;Nocturnal;Omnivore;Solitary
Proechimys_guyannensis;Rodentia;M;0;0;0;NA;NA;Ground;Nocturnal;Omnivore;Solitary
Proechimys_guyannensis;Rodentia;M;0;0;0;NA;NA;Ground;Nocturnal;Omnivore;Solitary
Coendou_melanurus;Rodentia;F;0;0;0;NA;NA;Canopy;Nocturnal;Phytophage;Solitary
Coendou_sp;Rodentia;NA;1;0;0;NA;NA;Canopy;Nocturnal;Phytophage;Solitary
Coendou_sp;Rodentia;NA;0;0;0;NA;NA;Canopy;Nocturnal;Phytophage;Solitary
Coendou_sp;Rodentia;NA;0;0;1;NA;NA;Canopy;Nocturnal;Phytophage;Solitary
Mus_musculus;Rodentia;NA;0;0;0;NA;NA;Ground;Nocturnal;Omnivore;Group
Mus_musculus;Rodentia;NA;0;0;0;NA;NA;Ground;Nocturnal;Omnivore;Group
Mus_musculus;Rodentia;NA;0;0;0;NA;NA;Ground;Nocturnal;Omnivore;Group
Mus_musculus;Rodentia;NA;0;0;0;NA;NA;Ground;Nocturnal;Omnivore;Group
Mus_musculus;Rodentia;NA;0;0;0;NA;NA;Ground;Nocturnal;Omnivore;Group
Mus_musculus;Rodentia;NA;0;0;0;NA;NA;Ground;Nocturnal;Omnivore;Group
Mus_musculus;Rodentia;NA;0;0;0;NA;NA;Ground;Nocturnal;Omnivore;Group
Mus_musculus;Rodentia;NA;0;0;0;NA;NA;Ground;Nocturnal;Omnivore;Group
Mus_musculus;Rodentia;NA;0;0;0;NA;NA;Ground;Nocturnal;Omnivore;Group
Mus_musculus;Rodentia;NA;0;0;0;NA;NA;Ground;Nocturnal;Omnivore;Group
Mus_musculus;Rodentia;NA;0;0;0;NA;NA;Ground;Nocturnal;Omnivore;Group
Mus_musculus;Rodentia;NA;0;0;0;NA;NA;Ground;Nocturnal;Omnivore;Group
Mus_musculus;Rodentia;NA;0;0;0;NA;NA;Ground;Nocturnal;Omnivore;Group
Mus_musculus;Rodentia;NA;0;0;0;NA;NA;Ground;Nocturnal;Omnivore;Group
Mus_musculus;Rodentia;M;0;0;0;NA;NA;Ground;Nocturnal;Omnivore;Group
Mus_musculus;Rodentia;M;0;0;0;NA;NA;Ground;Nocturnal;Omnivore;Group
Mus_musculus;Rodentia;M;0;0;0;NA;NA;Ground;Nocturnal;Omnivore;Group
Mus_musculus;Rodentia;F;0;0;0;NA;NA;Ground;Nocturnal;Omnivore;Group
Mus_musculus;Rodentia;F;0;0;0;NA;NA;Ground;Nocturnal;Omnivore;Group
Mus_musculus;Rodentia;NA;0;0;0;NA;NA;Ground;Nocturnal;Omnivore;Group
Mus_musculus;Rodentia;NA;0;0;0;NA;NA;Ground;Nocturnal;Omnivore;Group
Mus_musculus;Rodentia;NA;0;0;0;NA;NA;Ground;Nocturnal;Omnivore;Group
Mus_musculus;Rodentia;NA;0;0;0;NA;NA;Ground;Nocturnal;Omnivore;Group
Mus_musculus;Rodentia;NA;0;0;0;NA;NA;Ground;Nocturnal;Omnivore;Group
Mus_musculus;Rodentia;NA;0;0;0;NA;NA;Ground;Nocturnal;Omnivore;Group
Mus_musculus;Rodentia;NA;0;0;0;NA;NA;Ground;Nocturnal;Omnivore;Group
Mus_musculus;Rodentia;NA;0;0;0;NA;NA;Ground;Nocturnal;Omnivore;Group
Mus_musculus;Rodentia;NA;0;0;0;NA;NA;Ground;Nocturnal;Omnivore;Group
Mus_musculus;Rodentia;NA;0;0;0;NA;NA;Ground;Nocturnal;Omnivore;Group
Mus_musculus;Rodentia;NA;0;0;0;NA;NA;Ground;Nocturnal;Omnivore;Group
Mus_musculus;Rodentia;NA;0;0;0;NA;NA;Ground;Nocturnal;Omnivore;Group
Mus_musculus;Rodentia;NA;0;0;0;NA;NA;Ground;Nocturnal;Omnivore;Group
Mus_musculus;Rodentia;NA;0;0;0;NA;NA;Ground;Nocturnal;Omnivore;Group
Mus_musculus;Rodentia;NA;0;0;0;NA;NA;Ground;Nocturnal;Omnivore;Group
Rattus_rattus;Rodentia;M;0;0;0;NA;NA;Mixed;Nocturnal;Omnivore;Group
Rattus_rattus;Rodentia;NA;0;0;0;NA;NA;Mixed;Nocturnal;Omnivore;Group
Rattus_rattus;Rodentia;NA;0;0;0;NA;NA;Mixed;Nocturnal;Omnivore;Group
Rattus_rattus;Rodentia;NA;0;0;0;NA;NA;Mixed;Nocturnal;Omnivore;Group
Rattus_rattus;Rodentia;NA;0;0;0;NA;NA;Mixed;Nocturnal;Omnivore;Group
Rattus_rattus;Rodentia;NA;0;0;0;NA;NA;Mixed;Nocturnal;Omnivore;Group
Rattus_rattus;Rodentia;NA;0;0;0;NA;NA;Mixed;Nocturnal;Omnivore;Group
Rattus_rattus;Rodentia;NA;0;0;0;NA;NA;Mixed;Nocturnal;Omnivore;Group
Rattus_rattus;Rodentia;NA;0;0;0;NA;NA;Mixed;Nocturnal;Omnivore;Group
Rattus_rattus;Rodentia;M;0;0;0;NA;NA;Mixed;Nocturnal;Omnivore;Group
Rattus_rattus;Rodentia;F;0;0;0;NA;NA;Mixed;Nocturnal;Omnivore;Group
Rattus_rattus;Rodentia;M;1;0;0;NA;NA;Mixed;Nocturnal;Omnivore;Group
Rattus_rattus;Rodentia;NA;1;0;0;NA;NA;Mixed;Nocturnal;Omnivore;Group
Rattus_rattus;Rodentia;NA;0;0;0;NA;NA;Mixed;Nocturnal;Omnivore;Group
Rattus_rattus;Rodentia;NA;0;0;0;NA;NA;Mixed;Nocturnal;Omnivore;Group
Rattus_rattus;Rodentia;NA;0;0;0;NA;NA;Mixed;Nocturnal;Omnivore;Group
Rattus_rattus;Rodentia;NA;0;0;0;NA;NA;Mixed;Nocturnal;Omnivore;Group
Rattus_rattus;Rodentia;NA;0;0;0;NA;NA;Mixed;Nocturnal;Omnivore;Group
Rattus_rattus;Rodentia;NA;0;0;0;NA;NA;Mixed;Nocturnal;Omnivore;Group
Sciurus_aestuans;Rodentia;NA;0;0;0;NA;NA;Canopy;Diurnal;Phytophage;Solitary
Felis_wiedii;Carnivora;M;0;0;1;NA;NA;Canopy;Nocturnal;Carnivore;Solitary
Puma_yagouaroundi;Carnivora;NA;0;0;0;NA;NA;Ground;Diurnal;Carnivore;Solitary
Puma_yagouaroundi;Carnivora;M;0;0;0;NA;NA;Ground;Diurnal;Carnivore;Solitary
Puma_yagouaroundi;Carnivora;M;0;0;0;NA;NA;Ground;Diurnal;Carnivore;Solitary
Puma_yagouaroundi;Carnivora;M;0;0;0;NA;NA;Ground;Diurnal;Carnivore;Solitary
Puma_yagouaroundi;Carnivora;M;0;0;0;NA;NA;Ground;Diurnal;Carnivore;Solitary
Eira_barbara;Carnivora;F;0;0;0;NA;NA;Mixed;Diurnal;Omnivore;Solitary
Eira_barbara;Carnivora;M;0;0;0;NA;NA;Mixed;Diurnal;Omnivore;Solitary
Eira_barbara;Carnivora;M;0;0;0;NA;NA;Mixed;Diurnal;Omnivore;Solitary
Eira_barbara;Carnivora;F;0;1;0;NA;NA;Mixed;Diurnal;Omnivore;Solitary
Galictis_vittata;Carnivora;F;1;0;0;NA;NA;Ground;Diurnal;Carnivore;Solitary
Galictis_vittata;Carnivora;NA;1;0;1;NA;NA;Ground;Diurnal;Carnivore;Solitary
Galictis_vittata;Carnivora;M;0;0;0;NA;NA;Ground;Diurnal;Carnivore;Solitary
Galictis_vittata;Carnivora;M;1;0;0;NA;NA;Ground;Diurnal;Carnivore;Solitary
Lontra_longicaudis;Carnivora;M;1;0;0;NA;NA;Ground;Diurnal;Carnivore;Solitary
Potos_flavus;Carnivora;F;1;0;0;NA;NA;Canopy;Nocturnal;Phytophage;Solitary
Potos_flavus;Carnivora;M;0;0;0;NA;NA;Canopy;Nocturnal;Phytophage;Solitary
Alouatta_macconnelli;Primates;F;1;0;0;NA;NA;Canopy;Diurnal;Phytophage;Group
Alouatta_macconnelli;Primates;M;0;0;0;NA;NA;Canopy;Diurnal;Phytophage;Group
Alouatta_macconnelli;Primates;F;1;0;0;NA;NA;Canopy;Diurnal;Phytophage;Group
Alouatta_macconnelli;Primates;F;1;0;0;NA;NA;Canopy;Diurnal;Phytophage;Group
Alouatta_macconnelli;Primates;F;1;0;0;NA;NA;Canopy;Diurnal;Phytophage;Group
Alouatta_macconnelli;Primates;NA;1;0;0;NA;NA;Canopy;Diurnal;Phytophage;Group
Alouatta_macconnelli;Primates;NA;1;0;0;NA;NA;Canopy;Diurnal;Phytophage;Group
Alouatta_macconnelli;Primates;NA;1;0;0;NA;NA;Canopy;Diurnal;Phytophage;Group
Alouatta_macconnelli;Primates;NA;1;0;0;NA;NA;Canopy;Diurnal;Phytophage;Group
Alouatta_macconnelli;Primates;M;1;0;0;NA;NA;Canopy;Diurnal;Phytophage;Group
Alouatta_macconnelli;Primates;NA;1;0;0;NA;NA;Canopy;Diurnal;Phytophage;Group
Alouatta_macconnelli;Primates;NA;1;0;0;NA;NA;Canopy;Diurnal;Phytophage;Group
Alouatta_macconnelli;Primates;F;1;0;0;NA;NA;Canopy;Diurnal;Phytophage;Group
Alouatta_macconnelli;Primates;M;1;0;0;NA;NA;Canopy;Diurnal;Phytophage;Group
Alouatta_macconnelli;Primates;F;1;0;0;NA;NA;Canopy;Diurnal;Phytophage;Group
Alouatta_macconnelli;Primates;M;1;0;0;NA;NA;Canopy;Diurnal;Phytophage;Group
Alouatta_macconnelli;Primates;NA;1;0;0;NA;NA;Canopy;Diurnal;Phytophage;Group
Alouatta_macconnelli;Primates;NA;1;0;0;NA;NA;Canopy;Diurnal;Phytophage;Group
Alouatta_macconnelli;Primates;NA;0;0;0;NA;NA;Canopy;Diurnal;Phytophage;Group
Alouatta_macconnelli;Primates;NA;1;0;0;NA;NA;Canopy;Diurnal;Phytophage;Group
Alouatta_macconnelli;Primates;F;1;0;0;NA;NA;Canopy;Diurnal;Phytophage;Group
Alouatta_macconnelli;Primates;M;1;0;0;NA;NA;Canopy;Diurnal;Phytophage;Group
Saguinus_midas;Primates;NA;1;0;0;NA;NA;Canopy;Diurnal;Omnivore;Group
Saguinus_midas;Primates;M;1;0;0;NA;NA;Canopy;Diurnal;Omnivore;Group
Saguinus_midas;Primates;M;1;0;0;NA;NA;Canopy;Diurnal;Omnivore;Group
Saguinus_midas;Primates;M;1;0;0;NA;NA;Canopy;Diurnal;Omnivore;Group
Saguinus_midas;Primates;NA;1;0;0;NA;NA;Canopy;Diurnal;Omnivore;Group
Saguinus_midas;Primates;M;1;0;0;NA;NA;Canopy;Diurnal;Omnivore;Group
Saguinus_midas;Primates;M;1;0;0;NA;NA;Canopy;Diurnal;Omnivore;Group
Saguinus_midas;Primates;F;1;0;0;NA;NA;Canopy;Diurnal;Omnivore;Group
Saguinus_midas;Primates;M;1;0;0;NA;NA;Canopy;Diurnal;Omnivore;Group
Saguinus_midas;Primates;M;1;0;0;NA;NA;Canopy;Diurnal;Omnivore;Group
Saguinus_midas;Primates;M;1;0;0;NA;NA;Canopy;Diurnal;Omnivore;Group
Saguinus_midas;Primates;F;1;0;0;NA;NA;Canopy;Diurnal;Omnivore;Group
Saguinus_midas;Primates;M;1;0;0;NA;NA;Canopy;Diurnal;Omnivore;Group
Saguinus_midas;Primates;M;1;0;0;NA;NA;Canopy;Diurnal;Omnivore;Group
Saguinus_midas;Primates;M;1;0;0;NA;NA;Canopy;Diurnal;Omnivore;Group
Saguinus_midas;Primates;F;1;0;0;NA;NA;Canopy;Diurnal;Omnivore;Group
Saguinus_midas;Primates;F;1;0;0;NA;NA;Canopy;Diurnal;Omnivore;Group
Saguinus_midas;Primates;F;1;0;0;NA;NA;Canopy;Diurnal;Omnivore;Group
Saguinus_midas;Primates;M;1;0;0;NA;NA;Canopy;Diurnal;Omnivore;Group
Saguinus_midas;Primates;F;1;0;0;NA;NA;Canopy;Diurnal;Omnivore;Group
Saguinus_midas;Primates;F;1;0;0;NA;NA;Canopy;Diurnal;Omnivore;Group
Saguinus_midas;Primates;NA;1;0;0;NA;NA;Canopy;Diurnal;Omnivore;Group
Saguinus_midas;Primates;F;1;0;0;NA;NA;Canopy;Diurnal;Omnivore;Group
Saguinus_midas;Primates;F;1;0;0;NA;NA;Canopy;Diurnal;Omnivore;Group
Saguinus_midas;Primates;M;1;0;0;NA;NA;Canopy;Diurnal;Omnivore;Group
Saguinus_midas;Primates;F;1;0;0;NA;NA;Canopy;Diurnal;Omnivore;Group
Saguinus_midas;Primates;M;1;0;0;NA;NA;Canopy;Diurnal;Omnivore;Group
Saguinus_midas;Primates;M;1;0;0;NA;NA;Canopy;Diurnal;Omnivore;Group
Saguinus_midas;Primates;M;1;0;0;NA;NA;Canopy;Diurnal;Omnivore;Group
Saguinus_midas;Primates;F;1;0;0;NA;NA;Canopy;Diurnal;Omnivore;Group
Saguinus_midas;Primates;F;1;0;0;NA;NA;Canopy;Diurnal;Omnivore;Group
Saguinus_midas;Primates;M;1;0;0;NA;NA;Canopy;Diurnal;Omnivore;Group
Saguinus_midas;Primates;M;1;0;0;NA;NA;Canopy;Diurnal;Omnivore;Group
Saguinus_midas;Primates;M;1;0;0;NA;NA;Canopy;Diurnal;Omnivore;Group
Saguinus_midas;Primates;F;1;0;0;NA;NA;Canopy;Diurnal;Omnivore;Group
Saguinus_midas;Primates;F;1;0;0;NA;NA;Canopy;Diurnal;Omnivore;Group
Saguinus_midas;Primates;M;1;0;0;NA;NA;Canopy;Diurnal;Omnivore;Group
Saguinus_midas;Primates;M;1;0;0;NA;NA;Canopy;Diurnal;Omnivore;Group
Saguinus_midas;Primates;M;1;0;0;NA;NA;Canopy;Diurnal;Omnivore;Group
Saguinus_midas;Primates;F;1;0;0;NA;NA;Canopy;Diurnal;Omnivore;Group
Saguinus_midas;Primates;M;1;0;0;NA;NA;Canopy;Diurnal;Omnivore;Group
Cebus_apella;Primates;NA;0;0;0;NA;NA;Canopy;Diurnal;Omnivore;Group
Saimiri_sciureus;Primates;NA;0;0;0;NA;NA;Canopy;Diurnal;Phytophage;Group
Pithecia_pithecia;Primates;F;0;0;0;NA;NA;Canopy;Diurnal;Phytophage;Group
